coin,trading,isLegalMoney,trade_fee,trade_symbol,profit,gained,times_it_sold,coin_status,initial_buy_price,initial_buy_cost,updated_price,out_price,estimated_cost,rebought_at,rebuy_cost
STPT,True,False,"[{'symbol': 'STPTUSDT', 'makerCommission': '0.001', 'takerCommission': '0.001'}]",STPTUSDT,-0.012260670000000001,0.0,0,initialized,0.06141,6.141e-05,0.04926,4.926e-05,0.06152067,,
RAY,True,False,"[{'symbol': 'RAYUSDT', 'makerCommission': '0.001', 'takerCommission': '0.001'}]",RAYUSDT,-2.8650759999999984,0.09728700000000146,7,rebought,12.963,0.0129629999999999,10.117,0.010117000000000001,12.982076,12.959,0.012959
NEAR,True,False,"[{'symbol': 'NEARUSDT', 'makerCommission': '0.001', 'takerCommission': '0.001'}]",NEARUSDT,-1.2626679999999997,0.09540699999999624,7,rebought,8.96,0.00896,7.711,0.007711000000000001,8.973668,8.957,0.008957000000000001
AUDIO,True,False,"[{'symbol': 'AUDIOUSDT', 'makerCommission': '0.001', 'takerCommission': '0.001'}]",AUDIOUSDT,-0.46300399999999975,0.010495999999999395,1,rebought,2.744,0.002744,2.273,0.0022730000000000003,2.736004,2.731,0.002731
HNT,True,False,"[{'symbol': 'HNTUSDT', 'makerCommission': '0.001', 'takerCommission': '0.001'}]",HNTUSDT,-3.1472499999999997,0.0,0,initialized,20.18,0.02018,17.07,0.017070000000000002,20.21725,,
ADADOWN,True,False,"[{'symbol': 'ADADOWNUSDT', 'makerCommission': '0.001', 'takerCommission': '0.001'}]",ADADOWNUSDT,0.0014552549999999995,0.0,0,initialized,0.003141,3.141e-06,0.004604,4.6039999999999995e-06,0.003148745,,
SUSD,True,False,"[{'symbol': 'SUSDUSDT', 'makerCommission': '0.001', 'takerCommission': '0.001'}]",SUSDUSDT,-0.00299499999999997,0.0,0,initialized,0.998,0.000998,0.997,0.000997,0.999995,,
FARM,True,False,"[{'symbol': 'FARMUSDT', 'makerCommission': '0.001', 'takerCommission': '0.001'}]",FARMUSDT,-37.774400000000014,1.519399999999962,6,rebought,206.6,0.2066,168.5,0.1685,206.2744,205.9,0.2059
AION,True,False,"[{'symbol': 'AIONUSDT', 'makerCommission': '0.001', 'takerCommission': '0.001'}]",AIONUSDT,-0.04064549999999997,0.0,0,initialized,0.1929,0.0001929,0.1526,0.00015260000000000002,0.1932455,,
DGB,True,False,"[{'symbol': 'DGBUSDT', 'makerCommission': '0.001', 'takerCommission': '0.001'}]",DGBUSDT,-0.010534050000000003,0.0,0,initialized,0.05724,5.724e-05,0.04681,4.681e-05,0.05734405,,
ZRX,True,False,"[{'symbol': 'ZRXUSDT', 'makerCommission': '0.001', 'takerCommission': '0.001'}]",ZRXUSDT,-0.2190085999999999,0.0,0,initialized,1.1128,0.0011128,0.8958,0.0008958000000000001,1.1148086,,
WING,True,False,"[{'symbol': 'WINGUSDT', 'makerCommission': '0.001', 'takerCommission': '0.001'}]",WINGUSDT,-3.617880000000003,0.240829999999999,6,rebought,20.74,0.0207399999999999,17.15,0.01715,20.76788,20.73,0.020730000000000002
WNXM,True,False,"[{'symbol': 'WNXMUSDT', 'makerCommission': '0.001', 'takerCommission': '0.001'}]",WNXMUSDT,-9.236899999999999,0.8636599999999959,6,rebought,73.0,0.073,63.9,0.0639,73.1369,73.0,0.073
BCH,True,False,"[{'symbol': 'BCHUSDT', 'makerCommission': '0.001', 'takerCommission': '0.001'}]",BCHUSDT,-100.17920000000004,0.0,0,initialized,639.1,0.6391,540.1,0.5401,640.2792000000001,,
JST,True,False,"[{'symbol': 'JSTUSDT', 'makerCommission': '0.001', 'takerCommission': '0.001'}]",JSTUSDT,-0.016240740000000004,0.0,0,initialized,0.08841,8.841e-05,0.07233,7.233000000000001e-05,0.08857074000000001,,
ADAUP,True,False,"[{'symbol': 'ADAUPUSDT', 'makerCommission': '0.001', 'takerCommission': '0.001'}]",ADAUPUSDT,-59.640632999999994,0.46465599999999085,2,rebought,166.624,0.166624,107.133,0.10713299999999999,166.773633,166.5,0.1665
HOT,True,False,"[{'symbol': 'HOTUSDT', 'makerCommission': '0.001', 'takerCommission': '0.001'}]",HOTUSDT,-0.0017448050000000003,0.0,0,initialized,0.009766,9.766e-06,0.008039,8.038999999999999e-06,0.009783805,,
AR,True,False,"[{'symbol': 'ARUSDT', 'makerCommission': '0.001', 'takerCommission': '0.001'}]",ARUSDT,-9.960049999999995,0.30959000000000003,7,rebought,49.99,0.04999,40.09,0.04009000000000001,50.05005,49.96,0.049960000000000004
IRIS,True,False,"[{'symbol': 'IRISUSDT', 'makerCommission': '0.001', 'takerCommission': '0.001'}]",IRISUSDT,-0.022195840000000022,0.0,0,initialized,0.14888,0.00014888,0.12696,0.00012696,0.14915584,,
RAMP,True,False,"[{'symbol': 'RAMPUSDT', 'makerCommission': '0.001', 'takerCommission': '0.001'}]",RAMPUSDT,-0.08388400000000001,0.0,0,initialized,0.3836,0.0003836,0.3004,0.0003004,0.384284,,
FLM,True,False,"[{'symbol': 'FLMUSDT', 'makerCommission': '0.001', 'takerCommission': '0.001'}]",FLMUSDT,-0.1280462,0.0,0,initialized,0.5866,0.0005866,0.4596,0.0004596,0.5876462,,
GNO,True,False,"[{'symbol': 'GNOUSDT', 'makerCommission': '0.001', 'takerCommission': '0.001'}]",GNOUSDT,-38.71719999999999,0.04400000000003956,1,rebought,277.7,0.2777,239.5,0.23950000000000002,278.2172,277.7,0.2777
VITE,True,False,"[{'symbol': 'VITEUSDT', 'makerCommission': '0.001', 'takerCommission': '0.001'}]",VITEUSDT,-0.015610559999999996,0.0,0,initialized,0.093,9.3e-05,0.07756,7.756000000000001e-05,0.09317056,,
CFX,True,False,"[{'symbol': 'CFXUSDT', 'makerCommission': '0.001', 'takerCommission': '0.001'}]",CFXUSDT,-0.17755549999999998,0.04420700000000022,4,rebought,0.6181,0.0006181,0.4395,0.0004395,0.6170555,0.616,0.000616
SFP,True,False,"[{'symbol': 'SFPUSDT', 'makerCommission': '0.001', 'takerCommission': '0.001'}]",SFPUSDT,-0.2284542999999999,0.010406600000000044,1,rebought,1.1903,0.0011903,0.964,0.000964,1.1924542999999999,1.1903,0.0011903
DIA,True,False,"[{'symbol': 'DIAUSDT', 'makerCommission': '0.001', 'takerCommission': '0.001'}]",DIAUSDT,-0.3954620000000002,0.0,0,initialized,1.927,0.001927,1.535,0.001535,1.9304620000000001,,
ARDR,True,False,"[{'symbol': 'ARDRUSDT', 'makerCommission': '0.001', 'takerCommission': '0.001'}]",ARDRUSDT,-0.07998750000000004,0.0,0,initialized,0.3834,0.0003834,0.3041,0.00030409999999999996,0.3840875,,
BEL,True,False,"[{'symbol': 'BELUSDT', 'makerCommission': '0.001', 'takerCommission': '0.001'}]",BELUSDT,-0.38156599999999985,0.01503499999999991,1,rebought,1.973,0.001973,1.594,0.0015940000000000001,1.975566,1.972,0.0019720000000000002
JUV,True,False,"[{'symbol': 'JUVUSDT', 'makerCommission': '0.001', 'takerCommission': '0.001'}]",JUVUSDT,-2.15329,0.14636999999999922,8,rebought,12.71,0.01271,10.58,0.01058,12.73329,12.71,0.01271
ACM,True,False,"[{'symbol': 'ACMUSDT', 'makerCommission': '0.001', 'takerCommission': '0.001'}]",ACMUSDT,-1.885306,0.04359999999999786,2,rebought,10.586,0.010586,8.72,0.00872,10.605306,10.586,0.010586
MINA,True,False,"[{'symbol': 'MINAUSDT', 'makerCommission': '0.001', 'takerCommission': '0.001'}]",MINAUSDT,-0.5845010000000004,0.02366299999999999,2,rebought,5.323,0.005323,4.463,0.004463,5.0475010000000005,5.038,0.005038
VTHO,True,False,"[{'symbol': 'VTHOUSDT', 'makerCommission': '0.001', 'takerCommission': '0.001'}]",VTHOUSDT,-0.0017845200000000004,0.0,0,initialized,0.009144,9.144e-06,0.007376,7.376e-06,0.00916052,,
REN,True,False,"[{'symbol': 'RENUSDT', 'makerCommission': '0.001', 'takerCommission': '0.001'}]",RENUSDT,-0.23239349999999992,0.0,0,initialized,0.9621,0.0009621,0.7314,0.0007314000000000001,0.9637935,,
REP,True,False,"[{'symbol': 'REPUSDT', 'makerCommission': '0.001', 'takerCommission': '0.001'}]",REPUSDT,-5.187139999999999,0.0,0,initialized,26.14,0.02614,21.0,0.021,26.18714,,
ADA,True,False,"[{'symbol': 'ADAUSDT', 'makerCommission': '0.001', 'takerCommission': '0.001'}]",ADAUSDT,-0.3753989999999998,0.0,0,initialized,2.385,0.002385,2.014,0.0020139999999999997,2.3893989999999996,,
ELF,True,False,"[{'symbol': 'ELFUSDT', 'makerCommission': '0.001', 'takerCommission': '0.001'}]",ELFUSDT,-0.12159989999999998,0.0,0,initialized,0.9099,0.0009099,0.79,0.00079,0.9115999,,
REQ,True,False,"[{'symbol': 'REQUSDT', 'makerCommission': '0.001', 'takerCommission': '0.001'}]",REQUSDT,-0.02729910000000002,0.0,0,initialized,0.213,0.000213,0.1861,0.0001861,0.2133991,,
STORJ,True,False,"[{'symbol': 'STORJUSDT', 'makerCommission': '0.001', 'takerCommission': '0.001'}]",STORJUSDT,-0.28169679999999997,0.0,0,initialized,1.388,0.001388,1.1088,0.0011088,1.3904968,,
BZRX,True,False,"[{'symbol': 'BZRXUSDT', 'makerCommission': '0.001', 'takerCommission': '0.001'}]",BZRXUSDT,-0.07478859999999998,0.0,0,initialized,0.3314,0.0003314,0.2572,0.00025719999999999996,0.33198859999999997,,
EOSDOWN,True,False,"[{'symbol': 'EOSDOWNUSDT', 'makerCommission': '0.001', 'takerCommission': '0.001'}]",EOSDOWNUSDT,0.0002098962,0.0,0,initialized,0.0003465,3.465000000000001e-07,0.0005573,5.573e-07,0.00034740380000000004,,
PAXG,True,False,"[{'symbol': 'PAXGUSDT', 'makerCommission': '0.001', 'takerCommission': '0.001'}]",PAXGUSDT,-6.537000000000035,0.0,0,initialized,1770.0,1.77,1767.0,1.7670000000000001,1773.537,,
CHR,True,False,"[{'symbol': 'CHRUSDT', 'makerCommission': '0.001', 'takerCommission': '0.001'}]",CHRUSDT,-0.06140960000000001,0.0,0,initialized,0.3352,0.0003352,0.2744,0.0002744,0.3358096,,
BCHDOWN,True,False,"[{'symbol': 'BCHDOWNUSDT', 'makerCommission': '0.001', 'takerCommission': '0.001'}]",BCHDOWNUSDT,0.011083200000000015,0.0,1,sold,0.2526,0.0002526,0.3615,0.0003615,0.2531168,,
WAVES,True,False,"[{'symbol': 'WAVESUSDT', 'makerCommission': '0.001', 'takerCommission': '0.001'}]",WAVESUSDT,-5.931899999999999,0.022139999999996718,1,rebought,28.89,0.02889,23.01,0.023010000000000003,28.9419,28.89,0.028890000000000002
CHZ,True,False,"[{'symbol': 'CHZUSDT', 'makerCommission': '0.001', 'takerCommission': '0.001'}]",CHZUSDT,-0.05479900000000004,0.0,0,initialized,0.3266,0.0003266,0.2724,0.0002724,0.327199,,
XRP,True,False,"[{'symbol': 'XRPUSDT', 'makerCommission': '0.001', 'takerCommission': '0.001'}]",XRPUSDT,-0.18148129999999996,0.0,0,initialized,1.0804,0.0010804,0.9009,0.0009009,1.0823813,,
SAND,True,False,"[{'symbol': 'SANDUSDT', 'makerCommission': '0.001', 'takerCommission': '0.001'}]",SANDUSDT,-0.14269949999999998,0.0,0,initialized,0.7704,0.0007704,0.6291,0.0006291000000000001,0.7717995,,
OCEAN,True,False,"[{'symbol': 'OCEANUSDT', 'makerCommission': '0.001', 'takerCommission': '0.001'}]",OCEANUSDT,-0.16324359999999982,0.0,0,initialized,0.8027,0.0008026999999999,0.6409,0.0006409,0.8041435999999998,,
FOR,True,False,"[{'symbol': 'FORUSDT', 'makerCommission': '0.001', 'takerCommission': '0.001'}]",FORUSDT,-0.02306744999999999,0.0,0,initialized,0.10017,0.00010017,0.07728,7.728e-05,0.10034744999999999,,
UMA,True,False,"[{'symbol': 'UMAUSDT', 'makerCommission': '0.001', 'takerCommission': '0.001'}]",UMAUSDT,-1.5781210000000012,0.1594719999999974,6,rebought,11.377,0.011377,9.782,0.009782,11.360121000000001,11.339,0.011339
TUSD,True,False,"[{'symbol': 'TUSDUSDT', 'makerCommission': '0.001', 'takerCommission': '0.001'}]",TUSDUSDT,-0.0018000000000000238,0.0,0,initialized,0.9999,0.0009999,1.0001,0.0010001,1.0019,,
TKO,True,False,"[{'symbol': 'TKOUSDT', 'makerCommission': '0.001', 'takerCommission': '0.001'}]",TKOUSDT,-0.529231,0.01622099999999982,1,rebought,2.379,0.002379,1.853,0.001853,2.382231,2.378,0.0023780000000000003
ENJ,True,False,"[{'symbol': 'ENJUSDT', 'makerCommission': '0.001', 'takerCommission': '0.001'}]",ENJUSDT,-0.3029820000000001,0.0,0,initialized,1.641,0.001641,1.341,0.001341,1.643982,,
UNIDOWN,True,False,"[{'symbol': 'UNIDOWNUSDT', 'makerCommission': '0.001', 'takerCommission': '0.001'}]",UNIDOWNUSDT,0.044070000000000054,0.0,1,sold,3.939,0.003939,5.729,0.005729000000000001,3.94693,,
YFII,True,False,"[{'symbol': 'YFIIUSDT', 'makerCommission': '0.001', 'takerCommission': '0.001'}]",YFIIUSDT,-704.8860000000004,15.606000000000677,4,rebought,4793.0,4.793,4095.0,4.095,4799.886,4791.0,4.791
GRT,True,False,"[{'symbol': 'GRTUSDT', 'makerCommission': '0.001', 'takerCommission': '0.001'}]",GRTUSDT,-0.1651104,0.0,0,initialized,0.837,0.000837,0.6734,0.0006734,0.8385104,,
HARD,True,False,"[{'symbol': 'HARDUSDT', 'makerCommission': '0.001', 'takerCommission': '0.001'}]",HARDUSDT,-0.16699949999999997,0.036057700000000414,3,rebought,1.0347,0.0010347,0.8672,0.0008671999999999999,1.0341995,1.0323,0.0010323
TFUEL,True,False,"[{'symbol': 'TFUELUSDT', 'makerCommission': '0.001', 'takerCommission': '0.001'}]",TFUELUSDT,-0.053859500000000005,0.0,0,initialized,0.3064,0.0003064,0.2531,0.00025309999999999997,0.3069595,,
TROY,True,False,"[{'symbol': 'TROYUSDT', 'makerCommission': '0.001', 'takerCommission': '0.001'}]",TROYUSDT,0.010024231,0.0,1,sold,0.008359,8.359e-06,0.016869,1.6869e-05,0.008385769,,
XLMUP,True,False,"[{'symbol': 'XLMUPUSDT', 'makerCommission': '0.001', 'takerCommission': '0.001'}]",XLMUPUSDT,-0.029078239999999998,0.0,0,initialized,0.08359,8.359e-05,0.05465,5.465e-05,0.08372824,,
UNI,True,False,"[{'symbol': 'UNIUSDT', 'makerCommission': '0.001', 'takerCommission': '0.001'}]",UNIUSDT,-3.775470000000002,0.0,0,initialized,24.6,0.0246,20.87,0.020870000000000003,24.645470000000003,,
BTCDOWN,True,False,"[{'symbol': 'BTCDOWNUSDT', 'makerCommission': '0.001', 'takerCommission': '0.001'}]",BTCDOWNUSDT,0.006258759999999999,0.0,0,initialized,0.01747,1.747e-05,0.02377,2.377e-05,0.01751124,,
TLM,True,False,"[{'symbol': 'TLMUSDT', 'makerCommission': '0.001', 'takerCommission': '0.001'}]",TLMUSDT,-0.05449609999999999,0.0,0,initialized,0.2251,0.0002251,0.171,0.000171,0.2254961,,
CKB,True,False,"[{'symbol': 'CKBUSDT', 'makerCommission': '0.001', 'takerCommission': '0.001'}]",CKBUSDT,-0.0025908600000000004,0.0,0,initialized,0.01671,1.671e-05,0.01415,1.415e-05,0.01674086,,
WRX,True,False,"[{'symbol': 'WRXUSDT', 'makerCommission': '0.001', 'takerCommission': '0.001'}]",WRXUSDT,-0.17934700000000015,0.05236799999999975,3,rebought,1.262,0.001262,1.085,0.001085,1.264347,1.262,0.001262
XTZ,True,False,"[{'symbol': 'XTZUSDT', 'makerCommission': '0.001', 'takerCommission': '0.001'}]",XTZUSDT,-0.7131020000000001,0.09494299999999978,7,rebought,6.421,0.006421,5.2,0.005200000000000001,5.913102,5.902,0.005902
LUNA,True,False,"[{'symbol': 'LUNAUSDT', 'makerCommission': '0.001', 'takerCommission': '0.001'}]",LUNAUSDT,-8.702620000000007,0.2559100000000143,10,rebought,35.66,0.03566,26.99,0.02699,35.692620000000005,35.63,0.03563
ETHDOWN,True,False,"[{'symbol': 'ETHDOWNUSDT', 'makerCommission': '0.001', 'takerCommission': '0.001'}]",ETHDOWNUSDT,0.010155000000000136,0.0,1,sold,1.416,0.001416,1.973,0.001973,1.418845,,
EOS,True,False,"[{'symbol': 'EOSUSDT', 'makerCommission': '0.001', 'takerCommission': '0.001'}]",EOSUSDT,-1.050491,0.0,0,initialized,5.266,0.005266,4.225,0.004225,5.275491,,
RIF,True,False,"[{'symbol': 'RIFUSDT', 'makerCommission': '0.001', 'takerCommission': '0.001'}]",RIFUSDT,-0.030265399999999998,0.0,0,initialized,0.2476,0.0002476,0.2178,0.0002178,0.2480654,,
SKL,True,False,"[{'symbol': 'SKLUSDT', 'makerCommission': '0.001', 'takerCommission': '0.001'}]",SKLUSDT,-0.08411660000000004,0.0,0,initialized,0.4,0.0004,0.3166,0.0003166,0.40071660000000003,,
GTC,True,False,"[{'symbol': 'GTCUSDT', 'makerCommission': '0.001', 'takerCommission': '0.001'}]",GTCUSDT,-1.839067,0.0,0,initialized,8.945,0.008945,7.122,0.007122,8.961067,,
SXPDOWN,True,False,"[{'symbol': 'SXPDOWNUSDT', 'makerCommission': '0.001', 'takerCommission': '0.001'}]",SXPDOWNUSDT,0.011176500000000006,0.0,1,sold,0.156,0.000156,0.245,0.000245,0.1563235,,
BURGER,True,False,"[{'symbol': 'BURGERUSDT', 'makerCommission': '0.001', 'takerCommission': '0.001'}]",BURGERUSDT,-0.5946070000000008,0.0,0,initialized,4.097,0.004097,3.51,0.0035099999999999997,4.104607000000001,,
GTO,True,False,"[{'symbol': 'GTOUSDT', 'makerCommission': '0.001', 'takerCommission': '0.001'}]",GTOUSDT,-0.008352190000000002,0.0,0,initialized,0.04523,4.523e-05,0.03696,3.696e-05,0.04531219,,
WTC,True,False,"[{'symbol': 'WTCUSDT', 'makerCommission': '0.001', 'takerCommission': '0.001'}]",WTCUSDT,-0.26203029999999994,0.07333079999999992,1,rebought,1.1967,0.0011967,0.9352,0.0009352000000000001,1.1972303,1.1951,0.0011951000000000002
XVG,True,False,"[{'symbol': 'XVGUSDT', 'makerCommission': '0.001', 'takerCommission': '0.001'}]",XVGUSDT,-0.006208399999999999,0.0,0,initialized,0.02728,2.728e-05,0.02112,2.112e-05,0.0273284,,
EPS,True,False,"[{'symbol': 'EPSUSDT', 'makerCommission': '0.001', 'takerCommission': '0.001'}]",EPSUSDT,-0.1242126,0.030564799999999948,3,rebought,0.6682,0.0006682,0.5448,0.0005448,0.6690126,0.6678,0.0006678
DNT,True,False,"[{'symbol': 'DNTUSDT', 'makerCommission': '0.001', 'takerCommission': '0.001'}]",DNTUSDT,-0.03142389999999998,0.0,0,initialized,0.1775,0.0001775,0.1464,0.0001464,0.17782389999999998,,
CLV,True,False,"[{'symbol': 'CLVUSDT', 'makerCommission': '0.001', 'takerCommission': '0.001'}]",CLVUSDT,-0.19049399999999994,0.04820700000000011,4,rebought,1.342,0.001342,1.153,0.001153,1.343494,1.341,0.001341
FLOW,True,False,"[{'symbol': 'FLOWUSDT', 'makerCommission': '0.001', 'takerCommission': '0.001'}]",FLOWUSDT,-1.6663700000000006,0.40730999999999895,2,rebought,20.57,0.02057,17.37,0.01737,19.03637,19.0,0.019
XTZDOWN,True,False,"[{'symbol': 'XTZDOWNUSDT', 'makerCommission': '0.001', 'takerCommission': '0.001'}]",XTZDOWNUSDT,0.7709159999999997,0.06170300000000051,5,sold,5.151,0.005151,7.418,0.007418,5.162084,5.151,0.005151
XVS,True,False,"[{'symbol': 'XVSUSDT', 'makerCommission': '0.001', 'takerCommission': '0.001'}]",XVSUSDT,-6.277559999999998,0.14062000000000197,5,rebought,31.9,0.0319,25.67,0.025670000000000002,31.94756,31.89,0.03189
SLP,True,False,"[{'symbol': 'SLPUSDT', 'makerCommission': '0.001', 'takerCommission': '0.001'}]",SLPUSDT,-0.017543599999999993,0.0,0,initialized,0.0805,8.05e-05,0.0631,6.31e-05,0.0806436,,
NBS,True,False,"[{'symbol': 'NBSUSDT', 'makerCommission': '0.001', 'takerCommission': '0.001'}]",NBSUSDT,-0.0023960300000000004,0.0,0,initialized,0.0142,1.42e-05,0.01183,1.183e-05,0.01422603,,
DOT,True,False,"[{'symbol': 'DOTUSDT', 'makerCommission': '0.001', 'takerCommission': '0.001'}]",DOTUSDT,-6.11243,0.0658199999999951,4,rebought,34.24,0.03424,28.19,0.028190000000000003,34.30243,34.24,0.03424
1INCH,True,False,"[{'symbol': '1INCHUSDT', 'makerCommission': '0.001', 'takerCommission': '0.001'}]",1INCHUSDT,-0.564689,0.010734999999999939,1,rebought,3.124,0.003124,2.565,0.002565,3.129689,3.124,0.003124
MITH,True,False,"[{'symbol': 'MITHUSDT', 'makerCommission': '0.001', 'takerCommission': '0.001'}]",MITHUSDT,0.010143840000000008,0.0,1,sold,0.05295,5.295e-05,0.05478,5.478e-05,0.053066159999999994,,
DEGO,True,False,"[{'symbol': 'DEGOUSDT', 'makerCommission': '0.001', 'takerCommission': '0.001'}]",DEGOUSDT,-1.455980000000002,0.4447700000000143,21,rebought,8.78,0.00878,7.27,0.0072699999999999996,8.725980000000002,8.71,0.00871
UNFI,True,False,"[{'symbol': 'UNFIUSDT', 'makerCommission': '0.001', 'takerCommission': '0.001'}]",UNFIUSDT,-2.392536999999999,0.0,0,initialized,10.955,0.010955,8.582,0.008582000000000001,10.974537,,
FTM,True,False,"[{'symbol': 'FTMUSDT', 'makerCommission': '0.001', 'takerCommission': '0.001'}]",FTMUSDT,-0.24759920000000002,0.054770899999999845,5,rebought,1.3272,0.0013272,1.077,0.001077,1.3245992,1.3222,0.0013222000000000002
ERN,True,False,"[{'symbol': 'ERNUSDT', 'makerCommission': '0.001', 'takerCommission': '0.001'}]",ERNUSDT,-3.0705620000000007,0.20901300000000056,9,rebought,13.809,0.013809,10.758,0.010758,13.828562,13.804,0.013804
FTT,True,False,"[{'symbol': 'FTTUSDT', 'makerCommission': '0.001', 'takerCommission': '0.001'}]",FTTUSDT,-11.714639999999996,0.03721000000000174,2,rebought,63.13,0.06313,51.52,0.05152,63.23464,63.12,0.06312
PHA,True,False,"[{'symbol': 'PHAUSDT', 'makerCommission': '0.001', 'takerCommission': '0.001'}]",PHAUSDT,-0.12235020000000008,0.0,0,initialized,0.9354,0.0009354,0.8148,0.0008148,0.9371502,,
RLC,True,False,"[{'symbol': 'RLCUSDT', 'makerCommission': '0.001', 'takerCommission': '0.001'}]",RLCUSDT,-0.7321050000000002,0.0,0,initialized,3.915,0.003915,3.19,0.00319,3.922105,,
TRXDOWN,True,False,"[{'symbol': 'TRXDOWNUSDT', 'makerCommission': '0.001', 'takerCommission': '0.001'}]",TRXDOWNUSDT,0.10246000000000066,0.014547999999999561,2,sold,10.708,0.010708,15.195,0.015195,10.72954,10.708,0.010708
ATOM,True,False,"[{'symbol': 'ATOMUSDT', 'makerCommission': '0.001', 'takerCommission': '0.001'}]",ATOMUSDT,-3.0159999999999982,0.7577399999999983,20,rebought,39.52,0.03952,36.53,0.03653,39.546,39.47,0.03947
XRPUP,True,False,"[{'symbol': 'XRPUPUSDT', 'makerCommission': '0.001', 'takerCommission': '0.001'}]",XRPUPUSDT,-2.0134,0.023218299999999914,2,rebought,5.6109,0.0056109,3.5979,0.0035979000000000002,5.6113,5.6021,0.0056021000000000005
QUICK,True,False,"[{'symbol': 'QUICKUSDT', 'makerCommission': '0.001', 'takerCommission': '0.001'}]",QUICKUSDT,-73.47079999999994,6.433200000000056,8,rebought,472.6,0.4726,399.1,0.3991,472.57079999999996,471.7,0.4717
BLZ,True,False,"[{'symbol': 'BLZUSDT', 'makerCommission': '0.001', 'takerCommission': '0.001'}]",BLZUSDT,-0.05475669999999999,0.0,0,initialized,0.2555,0.0002555,0.2012,0.00020119999999999998,0.2559567,,
MBL,True,False,"[{'symbol': 'MBLUSDT', 'makerCommission': '0.001', 'takerCommission': '0.001'}]",MBLUSDT,-0.0018439460000000008,0.0,0,initialized,0.009886,9.886000000000002e-06,0.00806,8.059999999999999e-06,0.009903946,,
BNBUP,True,False,"[{'symbol': 'BNBUPUSDT', 'makerCommission': '0.001', 'takerCommission': '0.001'}]",BNBUPUSDT,-68.24056000000002,2.2034900000001016,7,rebought,361.13,0.36113,256.45,0.25645,324.69056,324.11,0.32411
SNX,True,False,"[{'symbol': 'SNXUSDT', 'makerCommission': '0.001', 'takerCommission': '0.001'}]",SNXUSDT,-1.3749850000000006,0.11179899999999598,8,rebought,12.557,0.012557,10.316,0.010316,11.690985000000001,11.669,0.011669
LTCDOWN,True,False,"[{'symbol': 'LTCDOWNUSDT', 'makerCommission': '0.001', 'takerCommission': '0.001'}]",LTCDOWNUSDT,0.01353099999999996,0.0,1,sold,2.725,0.002725,3.803,0.003803,2.7304690000000003,,
FUN,True,False,"[{'symbol': 'FUNUSDT', 'makerCommission': '0.001', 'takerCommission': '0.001'}]",FUNUSDT,-0.0025181999999999982,0.0,0,initialized,0.02034,2.034e-05,0.01786,1.7860000000000002e-05,0.0203782,,
COS,True,False,"[{'symbol': 'COSUSDT', 'makerCommission': '0.001', 'takerCommission': '0.001'}]",COSUSDT,-0.00477321,0.0,0,initialized,0.02397,2.3970000000000003e-05,0.01924,1.9240000000000002e-05,0.02401321,,
SUSHIUP,True,False,"[{'symbol': 'SUSHIUPUSDT', 'makerCommission': '0.001', 'takerCommission': '0.001'}]",SUSHIUPUSDT,-0.03542772,0.0,0,initialized,0.0915,9.15e-05,0.05622,5.622e-05,0.09164772,,
ROSE,True,False,"[{'symbol': 'ROSEUSDT', 'makerCommission': '0.001', 'takerCommission': '0.001'}]",ROSEUSDT,-0.06376277,0.0,0,initialized,0.23806,0.00023806,0.17471,0.00017471,0.23847277,,
SOL,True,False,"[{'symbol': 'SOLUSDT', 'makerCommission': '0.001', 'takerCommission': '0.001'}]",SOLUSDT,-29.133980000000008,0.3383800000000008,6,rebought,161.66,0.16166,132.57,0.13257,161.70398,161.41,0.16141
TRXUP,True,False,"[{'symbol': 'TRXUPUSDT', 'makerCommission': '0.001', 'takerCommission': '0.001'}]",TRXUPUSDT,-0.14869568,0.010063519999999992,1,rebought,0.45275,0.00045275,0.30387,0.00030387,0.45256567999999997,0.45181,0.00045180999999999997
ETC,True,False,"[{'symbol': 'ETCUSDT', 'makerCommission': '0.001', 'takerCommission': '0.001'}]",ETCUSDT,-9.155010000000004,0.0,0,initialized,57.03,0.05703,47.98,0.047979999999999995,57.13501,,
BNB,True,False,"[{'symbol': 'BNBUSDT', 'makerCommission': '0.001', 'takerCommission': '0.001'}]",BNBUSDT,-31.356400000000008,0.5588999999997668,6,rebought,411.3,0.4113,362.9,0.3629,394.2564,393.5,0.3935
CELR,True,False,"[{'symbol': 'CELRUSDT', 'makerCommission': '0.001', 'takerCommission': '0.001'}]",CELRUSDT,-0.03125452000000001,0.0,0,initialized,0.11279,0.00011279,0.08173,8.173e-05,0.11298452,,
OGN,True,False,"[{'symbol': 'OGNUSDT', 'makerCommission': '0.001', 'takerCommission': '0.001'}]",OGNUSDT,-0.23878290000000013,0.02143929999999994,2,rebought,1.0604,0.0010604,0.823,0.000823,1.0617829,1.0599,0.0010599000000000001
ETH,True,False,"[{'symbol': 'ETHUSDT', 'makerCommission': '0.001', 'takerCommission': '0.001'}]",ETHUSDT,-478.42065,0.0,0,initialized,3451.32,3.4513200000000004,2979.33,2.97933,3457.75065,,
NEO,True,False,"[{'symbol': 'NEOUSDT', 'makerCommission': '0.001', 'takerCommission': '0.001'}]",NEOUSDT,-8.231099999999998,0.03132999999999697,2,rebought,49.62,0.04962,41.48,0.041479999999999996,49.711099999999995,49.62,0.04962
TOMO,True,False,"[{'symbol': 'TOMOUSDT', 'makerCommission': '0.001', 'takerCommission': '0.001'}]",TOMOUSDT,-0.42723299999999953,0.0,0,initialized,2.328,0.0023279999999999,1.905,0.001905,2.3322329999999996,,
CELO,True,False,"[{'symbol': 'CELOUSDT', 'makerCommission': '0.001', 'takerCommission': '0.001'}]",CELOUSDT,0.016468999999999845,0.06383600000000023,5,sold,5.265,0.005265,5.305,0.005305,5.262531,5.252,0.005252
KLAY,True,False,"[{'symbol': 'KLAYUSDT', 'makerCommission': '0.001', 'takerCommission': '0.001'}]",KLAYUSDT,-0.21531100000000003,0.0,0,initialized,1.262,0.001262,1.049,0.001049,1.264311,,
BADGER,True,False,"[{'symbol': 'BADGERUSDT', 'makerCommission': '0.001', 'takerCommission': '0.001'}]",BADGERUSDT,-4.649829999999998,0.12799999999998946,7,rebought,22.26,0.02226,17.61,0.01761,22.259829999999997,22.22,0.02222
GXS,True,False,"[{'symbol': 'GXSUSDT', 'makerCommission': '0.001', 'takerCommission': '0.001'}]",GXSUSDT,-0.11138720000000013,0.0,0,initialized,0.7486,0.0007486,0.6386,0.0006385999999999999,0.7499872000000001,,
TRB,True,False,"[{'symbol': 'TRBUSDT', 'makerCommission': '0.001', 'takerCommission': '0.001'}]",TRBUSDT,-12.63615,0.03114999999999668,1,rebought,59.35,0.05935,46.81,0.046810000000000004,59.44615,59.34,0.059340000000000004
BNT,True,False,"[{'symbol': 'BNTUSDT', 'makerCommission': '0.001', 'takerCommission': '0.001'}]",BNTUSDT,-0.5626169999999999,0.0,0,initialized,4.086,0.004086,3.531,0.0035310000000000003,4.093617,,
UTK,True,False,"[{'symbol': 'UTKUSDT', 'makerCommission': '0.001', 'takerCommission': '0.001'}]",UTKUSDT,-0.03721149999999995,0.010160400000000014,1,rebought,0.4143,0.0004143,0.3375,0.0003375,0.3747115,0.374,0.000374
TRU,True,False,"[{'symbol': 'TRUUSDT', 'makerCommission': '0.001', 'takerCommission': '0.001'}]",TRUUSDT,-0.11590669999999997,0.0,0,initialized,0.5608,0.0005608,0.4459,0.00044590000000000005,0.5618067,,
DREP,True,False,"[{'symbol': 'DREPUSDT', 'makerCommission': '0.001', 'takerCommission': '0.001'}]",DREPUSDT,-0.13693279999999997,0.0,0,initialized,0.7342,0.0007342,0.5986,0.0005986,0.7355328,,
TRX,True,False,"[{'symbol': 'TRXUSDT', 'makerCommission': '0.001', 'takerCommission': '0.001'}]",TRXUSDT,-0.014586950000000001,0.0,0,initialized,0.10567,0.00010567,0.09128,9.128000000000001e-05,0.10586695,,
MDT,True,False,"[{'symbol': 'MDTUSDT', 'makerCommission': '0.001', 'takerCommission': '0.001'}]",MDTUSDT,-0.007312140000000002,0.0,0,initialized,0.03969,3.969e-05,0.03245,3.245e-05,0.03976214,,
MDX,True,False,"[{'symbol': 'MDXUSDT', 'makerCommission': '0.001', 'takerCommission': '0.001'}]",MDXUSDT,-0.21696600000000021,0.0,0,initialized,1.59,0.00159,1.376,0.0013759999999999998,1.592966,,
XRPDOWN,True,False,"[{'symbol': 'XRPDOWNUSDT', 'makerCommission': '0.001', 'takerCommission': '0.001'}]",XRPDOWNUSDT,0.0008816139999999997,0.0,0,initialized,0.00175,1.75e-06,0.002636,2.636e-06,0.0017543860000000001,,
NULS,True,False,"[{'symbol': 'NULSUSDT', 'makerCommission': '0.001', 'takerCommission': '0.001'}]",NULSUSDT,-0.09998580000000001,0.021006799999999992,2,rebought,0.5426,0.0005426,0.4434,0.00044340000000000004,0.5433858,0.5424,0.0005424
AUTO,True,False,"[{'symbol': 'AUTOUSDT', 'makerCommission': '0.001', 'takerCommission': '0.001'}]",AUTOUSDT,-232.17680000000007,0.0,0,initialized,1203.4,1.2034,973.4,0.9734,1205.5768,,
EGLD,True,False,"[{'symbol': 'EGLDUSDT', 'makerCommission': '0.001', 'takerCommission': '0.001'}]",EGLDUSDT,-56.93850999999998,0.024169999999998026,1,rebought,242.66,0.24266,186.0,0.186,242.93850999999998,242.51,0.24251
PUNDIX,True,False,"[{'symbol': 'PUNDIXUSDT', 'makerCommission': '0.001', 'takerCommission': '0.001'}]",PUNDIXUSDT,-0.3720570000000001,0.0,0,initialized,1.713,0.001713,1.344,0.0013440000000000001,1.7160570000000002,,
CRV,True,False,"[{'symbol': 'CRVUSDT', 'makerCommission': '0.001', 'takerCommission': '0.001'}]",CRVUSDT,-0.3751700000000002,0.02358299999999991,2,rebought,2.846,0.002846,2.4,0.0024,2.77517,2.77,0.00277
BAKE,True,False,"[{'symbol': 'BAKEUSDT', 'makerCommission': '0.001', 'takerCommission': '0.001'}]",BAKEUSDT,-0.37169600000000025,0.0,0,initialized,2.032,0.002032,1.664,0.001664,2.035696,,
ANT,True,False,"[{'symbol': 'ANTUSDT', 'makerCommission': '0.001', 'takerCommission': '0.001'}]",ANTUSDT,-1.264735,0.07098299999999913,4,rebought,6.494,0.006494,5.241,0.005241,6.505735,6.494,0.006494
NU,True,False,"[{'symbol': 'NUUSDT', 'makerCommission': '0.001', 'takerCommission': '0.001'}]",NUUSDT,-0.060007599999999994,0.0,0,initialized,0.3335,0.0003335,0.2741,0.0002741,0.3341076,,
LINKUP,True,False,"[{'symbol': 'LINKUPUSDT', 'makerCommission': '0.001', 'takerCommission': '0.001'}]",LINKUPUSDT,-0.8030012999999998,0.047223700000000424,4,rebought,2.1536,0.0021536,1.3509,0.0013509,2.1539013,2.1504,0.0021504
SRM,True,False,"[{'symbol': 'SRMUSDT', 'makerCommission': '0.001', 'takerCommission': '0.001'}]",SRMUSDT,-2.3585460000000005,0.05546000000000184,5,rebought,10.443,0.010443,8.103,0.008102999999999999,10.461546,10.443,0.010443
TORN,True,False,"[{'symbol': 'TORNUSDT', 'makerCommission': '0.001', 'takerCommission': '0.001'}]",TORNUSDT,-10.05743000000001,0.6668599999999998,3,rebought,68.73,0.06873,58.75,0.058750000000000004,68.80743000000001,68.68,0.06868
QNT,True,False,"[{'symbol': 'QNTUSDT', 'makerCommission': '0.001', 'takerCommission': '0.001'}]",QNTUSDT,-76.74190000000004,5.350300000000004,8,rebought,359.0,0.359,282.9,0.2829,359.6419,359.0,0.359
ALICE,True,False,"[{'symbol': 'ALICEUSDT', 'makerCommission': '0.001', 'takerCommission': '0.001'}]",ALICEUSDT,-3.0431399999999993,0.04139999999999944,3,rebought,13.08,0.01308,10.06,0.010060000000000001,13.10314,13.08,0.01308
OG,True,False,"[{'symbol': 'OGUSDT', 'makerCommission': '0.001', 'takerCommission': '0.001'}]",OGUSDT,-1.9522960000000005,0.011715999999999838,1,rebought,10.126,0.010126,8.181,0.008180999999999999,10.133296,10.115,0.010115
MFT,True,False,"[{'symbol': 'MFTUSDT', 'makerCommission': '0.001', 'takerCommission': '0.001'}]",MFTUSDT,-0.0024527509999999995,0.0,0,initialized,0.012091,1.2091e-05,0.00966,9.66e-06,0.012112751,,
OM,True,False,"[{'symbol': 'OMUSDT', 'makerCommission': '0.001', 'takerCommission': '0.001'}]",OMUSDT,-0.05605769999999999,0.021649499999999988,2,rebought,0.3069,0.0003069,0.2511,0.0002511,0.3071577,0.3066,0.00030659999999999997
BUSD,True,False,"[{'symbol': 'BUSDUSDT', 'makerCommission': '0', 'takerCommission': '0'}]",BUSDUSDT,0.00019999999999997797,0.0,0,initialized,0.9999,0.0,1.0001,0.0,0.9999,,
CTK,True,False,"[{'symbol': 'CTKUSDT', 'makerCommission': '0.001', 'takerCommission': '0.001'}]",CTKUSDT,-0.475792,0.010720999999999759,1,rebought,2.132,0.002132,1.66,0.00166,2.135792,2.132,0.002132
ARPA,True,False,"[{'symbol': 'ARPAUSDT', 'makerCommission': '0.001', 'takerCommission': '0.001'}]",ARPAUSDT,-0.013310860000000008,0.0,0,initialized,0.08201,8.201e-05,0.06885,6.884999999999999e-05,0.08216086,,
DOTDOWN,True,False,"[{'symbol': 'DOTDOWNUSDT', 'makerCommission': '0.001', 'takerCommission': '0.001'}]",DOTDOWNUSDT,0.00020586469999999996,0.0,0,initialized,0.0004142,4.142e-07,0.0006211,6.211e-07,0.0004152353,,
MATIC,True,False,"[{'symbol': 'MATICUSDT', 'makerCommission': '0.001', 'takerCommission': '0.001'}]",MATICUSDT,-0.24848399999999993,0.0,0,initialized,1.365,0.001365,1.119,0.001119,1.367484,,
IOTX,True,False,"[{'symbol': 'IOTXUSDT', 'makerCommission': '0.001', 'takerCommission': '0.001'}]",IOTXUSDT,-0.012925409999999998,0.0,0,initialized,0.06411,6.411000000000001e-05,0.0513,5.13e-05,0.06422541,,
SHIB,True,False,"[{'symbol': 'SHIBUSDT', 'makerCommission': '0.001', 'takerCommission': '0.001'}]",SHIBUSDT,-8.046300000000011e-07,0.0,0,initialized,7.71e-06,7.710000000000001e-09,6.92e-06,6.92e-09,7.724630000000001e-06,,
TVK,True,False,"[{'symbol': 'TVKUSDT', 'makerCommission': '0.001', 'takerCommission': '0.001'}]",TVKUSDT,-0.06094250000000001,0.0,0,initialized,0.2515,0.0002515,0.191,0.000191,0.2519425,,
DOCK,True,False,"[{'symbol': 'DOCKUSDT', 'makerCommission': '0.001', 'takerCommission': '0.001'}]",DOCKUSDT,-0.013722600000000015,0.0,0,initialized,0.09807,9.807e-05,0.08453,8.452999999999999e-05,0.09825260000000001,,
STX,True,False,"[{'symbol': 'STXUSDT', 'makerCommission': '0.001', 'takerCommission': '0.001'}]",STXUSDT,-0.280624,0.0,0,initialized,1.451,0.001451,1.173,0.001173,1.453624,,
PNT,True,False,"[{'symbol': 'PNTUSDT', 'makerCommission': '0.001', 'takerCommission': '0.001'}]",PNTUSDT,-0.2617545000000001,0.017864199999999997,1,rebought,1.1578,0.0011578,0.8974,0.0008974,1.1591545,1.1571,0.0011571
DENT,True,False,"[{'symbol': 'DENTUSDT', 'makerCommission': '0.001', 'takerCommission': '0.001'}]",DENTUSDT,-0.0008997389999999992,0.0,0,initialized,0.004815,4.815e-06,0.003924,3.924000000000001e-06,0.004823739,,
MBOX,True,False,"[{'symbol': 'MBOXUSDT', 'makerCommission': '0.001', 'takerCommission': '0.001'}]",MBOXUSDT,-1.320614,0.0,0,initialized,5.962,0.005962,4.652,0.004652,5.972614,,
IOST,True,False,"[{'symbol': 'IOSTUSDT', 'makerCommission': '0.001', 'takerCommission': '0.001'}]",IOSTUSDT,-0.014533629999999999,0.0,0,initialized,0.06902,6.902e-05,0.05461,5.461e-05,0.06914363,,
CAKE,True,False,"[{'symbol': 'CAKEUSDT', 'makerCommission': '0.001', 'takerCommission': '0.001'}]",CAKEUSDT,-2.5508300000000013,0.014640000000003539,1,rebought,22.65,0.02265,19.16,0.01916,21.71083,21.67,0.021670000000000002
ETHUP,True,False,"[{'symbol': 'ETHUPUSDT', 'makerCommission': '0.001', 'takerCommission': '0.001'}]",ETHUPUSDT,-26.23847,0.0,0,initialized,83.284,0.083284,57.186,0.057186,83.42447,,
OMG,True,False,"[{'symbol': 'OMGUSDT', 'makerCommission': '0.001', 'takerCommission': '0.001'}]",OMGUSDT,-1.0419610000000006,0.012847000000000719,1,rebought,9.061,0.009061,7.968,0.007968,9.009961,8.993,0.008993000000000001
BAND,True,False,"[{'symbol': 'BANDUSDT', 'makerCommission': '0.001', 'takerCommission': '0.001'}]",BANDUSDT,-1.7648520000000012,0.06151799999999952,4,rebought,9.3,0.0093,7.552,0.007552,9.316852,9.3,0.009300000000000001
SUN,True,False,"[{'symbol': 'SUNUSDT', 'makerCommission': '0.001', 'takerCommission': '0.001'}]",SUNUSDT,-0.00731741,0.0,0,initialized,0.03733,3.733e-05,0.03008,3.008e-05,0.03739741,,
BTC,True,False,"[{'symbol': 'BTCUSDT', 'makerCommission': '0.001', 'takerCommission': '0.001'}]",BTCUSDT,-5337.696609999999,18.491219999996247,2,rebought,48176.69,48.17669,42930.01,42.93001,48267.70661,48176.6,48.1766
TWT,True,False,"[{'symbol': 'TWTUSDT', 'makerCommission': '0.001', 'takerCommission': '0.001'}]",TWTUSDT,-0.24435479999999987,0.0,0,initialized,1.1985,0.0011985,0.9563,0.0009563000000000001,1.2006548,,
NKN,True,False,"[{'symbol': 'NKNUSDT', 'makerCommission': '0.001', 'takerCommission': '0.001'}]",NKNUSDT,-0.07669399999999998,0.0,0,initialized,0.385,0.000385,0.309,0.00030900000000000003,0.385694,,
RSR,True,False,"[{'symbol': 'RSRUSDT', 'makerCommission': '0.001', 'takerCommission': '0.001'}]",RSRUSDT,-0.00900966,0.0,0,initialized,0.0393,3.93e-05,0.03036,3.036e-05,0.03936966,,
IOTA,True,False,"[{'symbol': 'IOTAUSDT', 'makerCommission': '0.001', 'takerCommission': '0.001'}]",IOTAUSDT,-0.3303336000000001,0.0,0,initialized,1.6305,0.0016305,1.3031,0.0013031,1.6334336,,
CVC,True,False,"[{'symbol': 'CVCUSDT', 'makerCommission': '0.001', 'takerCommission': '0.001'}]",CVCUSDT,-0.1165352,0.0,0,initialized,0.5254,0.0005254,0.4098,0.0004098,0.5263352,,
REEF,True,False,"[{'symbol': 'REEFUSDT', 'makerCommission': '0.001', 'takerCommission': '0.001'}]",REEFUSDT,-0.004381860000000001,0.0,0,initialized,0.0231,2.31e-05,0.01876,1.876e-05,0.02314186,,
BTG,True,False,"[{'symbol': 'BTGUSDT', 'makerCommission': '0.001', 'takerCommission': '0.001'}]",BTGUSDT,-12.040339999999993,0.0,0,initialized,66.13,0.06613,54.21,0.05421,66.25034,,
MIR,True,False,"[{'symbol': 'MIRUSDT', 'makerCommission': '0.001', 'takerCommission': '0.001'}]",MIRUSDT,-0.6048239999999998,0.10484900000000064,7,rebought,3.715,0.003715,3.113,0.003113,3.717824,3.711,0.003711
KEY,True,False,"[{'symbol': 'KEYUSDT', 'makerCommission': '0.001', 'takerCommission': '0.001'}]",KEYUSDT,-0.0010776579999999987,0.0,0,initialized,0.009359,9.359e-06,0.008299,8.299000000000001e-06,0.009376658,,
BTS,True,False,"[{'symbol': 'BTSUSDT', 'makerCommission': '0.001', 'takerCommission': '0.001'}]",BTSUSDT,-0.009173479999999998,0.0,0,initialized,0.05128,5.128e-05,0.0422,4.22e-05,0.05137348,,
BTT,True,False,"[{'symbol': 'BTTUSDT', 'makerCommission': '0.001', 'takerCommission': '0.001'}]",BTTUSDT,-0.0006332379999999995,0.0,0,initialized,0.003932,3.932e-06,0.003306,3.3059999999999998e-06,0.003939237999999999,,
ONE,True,False,"[{'symbol': 'ONEUSDT', 'makerCommission': '0.001', 'takerCommission': '0.001'}]",ONEUSDT,-0.040408780000000005,0.0,0,initialized,0.16445,0.00016445,0.12433,0.00012433,0.16473878,,
LINKDOWN,True,False,"[{'symbol': 'LINKDOWNUSDT', 'makerCommission': '0.001', 'takerCommission': '0.001'}]",LINKDOWNUSDT,0.010157820000000005,0.0,1,sold,0.02598,2.598e-05,0.04148,4.148e-05,0.026042179999999998,,
ONG,True,False,"[{'symbol': 'ONGUSDT', 'makerCommission': '0.001', 'takerCommission': '0.001'}]",ONGUSDT,-0.22144789999999992,0.0,0,initialized,1.1836,0.0011836,0.9643,0.0009643000000000001,1.1857479,,
ANKR,True,False,"[{'symbol': 'ANKRUSDT', 'makerCommission': '0.001', 'takerCommission': '0.001'}]",ANKRUSDT,-0.01735668,0.0,0,initialized,0.09693,9.693e-05,0.07975,7.975e-05,0.09710668,,
SUSHI,True,False,"[{'symbol': 'SUSHIUSDT', 'makerCommission': '0.001', 'takerCommission': '0.001'}]",SUSHIUSDT,-2.4046380000000003,0.0,0,initialized,12.51,0.01251,10.128,0.010128,12.532638,,
ALGO,True,False,"[{'symbol': 'ALGOUSDT', 'makerCommission': '0.001', 'takerCommission': '0.001'}]",ALGOUSDT,-0.5567979000000003,0.0,0,initialized,2.1255,0.0021255,1.5724,0.0015724,2.1291979000000003,,
SC,True,False,"[{'symbol': 'SCUSDT', 'makerCommission': '0.001', 'takerCommission': '0.001'}]",SCUSDT,-0.00374411,0.0,0,initialized,0.01891,1.891e-05,0.0152,1.52e-05,0.01894411,,
ONT,True,False,"[{'symbol': 'ONTUSDT', 'makerCommission': '0.001', 'takerCommission': '0.001'}]",ONTUSDT,-0.1741355000000001,0.0,0,initialized,1.0039,0.0010039,0.8316,0.0008316,1.0057355000000001,,
ASR,True,False,"[{'symbol': 'ASRUSDT', 'makerCommission': '0.001', 'takerCommission': '0.001'}]",ASRUSDT,-1.3193099999999998,0.11434499999999836,4,rebought,8.326,0.008326,7.003,0.0070030000000000005,8.32231,8.307,0.008307
FIRO,True,False,"[{'symbol': 'FIROUSDT', 'makerCommission': '0.001', 'takerCommission': '0.001'}]",FIROUSDT,-1.422809,0.039509999999999934,2,rebought,7.609,0.007609,6.2,0.006200000000000001,7.622809,7.609,0.007609
MANA,True,False,"[{'symbol': 'MANAUSDT', 'makerCommission': '0.001', 'takerCommission': '0.001'}]",MANAUSDT,-0.137305,0.0,0,initialized,0.8204,0.0008204,0.6846,0.0006846,0.821905,,
DOTUP,True,False,"[{'symbol': 'DOTUPUSDT', 'makerCommission': '0.001', 'takerCommission': '0.001'}]",DOTUPUSDT,-4.968499999999999,0.19407599999999903,9,rebought,11.766,0.011766,6.775,0.006775000000000001,11.7435,11.725,0.011725
ATA,True,False,"[{'symbol': 'ATAUSDT', 'makerCommission': '0.001', 'takerCommission': '0.001'}]",ATAUSDT,-0.2722686999999999,0.010347799999999907,1,rebought,1.2197,0.0012197,0.9493,0.0009493,1.2215687,1.2194,0.0012194
NMR,True,False,"[{'symbol': 'NMRUSDT', 'makerCommission': '0.001', 'takerCommission': '0.001'}]",NMRUSDT,-6.727080000000001,0.0,0,initialized,46.86,0.04686,40.22,0.04022,46.94708,,
MKR,True,False,"[{'symbol': 'MKRUSDT', 'makerCommission': '0.001', 'takerCommission': '0.001'}]",MKRUSDT,-435.308,1.2550000000001091,1,rebought,2869.0,2.869,2439.0,2.439,2874.308,2869.0,2.869
DODO,True,False,"[{'symbol': 'DODOUSDT', 'makerCommission': '0.001', 'takerCommission': '0.001'}]",DODOUSDT,-0.18566899999999986,0.012963999999999976,1,rebought,1.51,0.00151,1.243,0.0012430000000000002,1.428669,1.426,0.001426
LIT,True,False,"[{'symbol': 'LITUSDT', 'makerCommission': '0.001', 'takerCommission': '0.001'}]",LITUSDT,-0.8749529999999996,0.021313000000001026,2,rebought,4.412,0.004412,3.543,0.003543,4.417953,4.41,0.00441
ICP,True,False,"[{'symbol': 'ICPUSDT', 'makerCommission': '0.001', 'takerCommission': '0.001'}]",ICPUSDT,-12.0445,0.15378999999999365,7,rebought,58.24,0.05824,46.28,0.04628,58.3245,58.22,0.05822
ZEC,True,False,"[{'symbol': 'ZECUSDT', 'makerCommission': '0.001', 'takerCommission': '0.001'}]",ZECUSDT,-24.05720000000001,0.03740000000004784,2,rebought,140.5,0.1405,116.7,0.11670000000000001,140.7572,140.5,0.1405
ATM,True,False,"[{'symbol': 'ATMUSDT', 'makerCommission': '0.001', 'takerCommission': '0.001'}]",ATMUSDT,-1.03857,0.09688999999999837,3,rebought,15.49,0.01549,13.78,0.013779999999999999,14.81857,14.79,0.01479
ICX,True,False,"[{'symbol': 'ICXUSDT', 'makerCommission': '0.001', 'takerCommission': '0.001'}]",ICXUSDT,-0.38341400000000014,0.020379999999999843,2,rebought,1.898,0.001898,1.517,0.001517,1.900414,1.897,0.001897
ZEN,True,False,"[{'symbol': 'ZENUSDT', 'makerCommission': '0.001', 'takerCommission': '0.001'}]",ZENUSDT,-17.402309999999986,0.29123999999998773,5,rebought,94.79,0.09479,77.54,0.07754000000000001,94.94230999999999,94.77,0.09477
DOGE,True,False,"[{'symbol': 'DOGEUSDT', 'makerCommission': '0.001', 'takerCommission': '0.001'}]",DOGEUSDT,-0.0395433,0.0,0,initialized,0.2412,0.0002412,0.2021,0.0002021,0.2416433,,
DUSK,True,False,"[{'symbol': 'DUSKUSDT', 'makerCommission': '0.001', 'takerCommission': '0.001'}]",DUSKUSDT,-0.020395700000000017,0.0,0,initialized,0.1579,0.0001579,0.1378,0.00013780000000000002,0.15819570000000002,,
ALPHA,True,False,"[{'symbol': 'ALPHAUSDT', 'makerCommission': '0.001', 'takerCommission': '0.001'}]",ALPHAUSDT,-0.2284733000000001,0.0,0,initialized,1.0999,0.0010999,0.8734,0.0008734,1.1018733,,
SXP,True,False,"[{'symbol': 'SXPUSDT', 'makerCommission': '0.001', 'takerCommission': '0.001'}]",SXPUSDT,-0.518758,0.010711999999999833,1,rebought,2.636,0.002636,2.122,0.0021219999999999998,2.640758,2.636,0.0026360000000000003
HBAR,True,False,"[{'symbol': 'HBARUSDT', 'makerCommission': '0.001', 'takerCommission': '0.001'}]",HBARUSDT,-0.10064450000000003,0.0,0,initialized,0.4222,0.0004222,0.3223,0.0003223,0.4229445,,
RVN,True,False,"[{'symbol': 'RVNUSDT', 'makerCommission': '0.001', 'takerCommission': '0.001'}]",RVNUSDT,-0.02057681,0.0,0,initialized,0.11359,0.00011359,0.09322,9.322e-05,0.11379681,,
MLN,True,False,"[{'symbol': 'MLNUSDT', 'makerCommission': '0.001', 'takerCommission': '0.001'}]",MLNUSDT,-17.126299999999986,1.5678999999999803,3,rebought,121.7,0.1217,104.7,0.1047,121.82629999999999,121.6,0.1216
NANO,True,False,"[{'symbol': 'NANOUSDT', 'makerCommission': '0.001', 'takerCommission': '0.001'}]",NANOUSDT,-0.5418479999999999,0.05995899999999921,4,rebought,5.618,0.005618,4.658,0.004658000000000001,5.199848,5.19,0.00519
CTSI,True,False,"[{'symbol': 'CTSIUSDT', 'makerCommission': '0.001', 'takerCommission': '0.001'}]",CTSIUSDT,-0.06536180000000003,0.032026099999999724,3,rebought,0.673,0.000673,0.5488,0.0005488,0.6141618,0.613,0.000613
KAVA,True,False,"[{'symbol': 'KAVAUSDT', 'makerCommission': '0.001', 'takerCommission': '0.001'}]",KAVAUSDT,-1.2152920000000007,0.0,0,initialized,6.248,0.006248,5.044,0.005044,6.259292,,
C98,True,False,"[{'symbol': 'C98USDT', 'makerCommission': '0.001', 'takerCommission': '0.001'}]",C98USDT,-0.9444050000000006,0.0,0,initialized,4.171,0.004171,3.234,0.003234,4.178405000000001,,
PSG,True,False,"[{'symbol': 'PSGUSDT', 'makerCommission': '0.001', 'takerCommission': '0.001'}]",PSGUSDT,-4.5654900000000005,0.07982000000000511,2,rebought,30.0,0.03,25.49,0.02549,30.05549,30.0,0.03
VIDT,True,False,"[{'symbol': 'VIDTUSDT', 'makerCommission': '0.001', 'takerCommission': '0.001'}]",VIDTUSDT,-0.17922749999999998,0.010078200000000037,1,rebought,0.9549,0.0009549,0.775,0.0007750000000000001,0.9542275,0.9525,0.0009525
AVA,True,False,"[{'symbol': 'AVAUSDT', 'makerCommission': '0.001', 'takerCommission': '0.001'}]",AVAUSDT,-0.6494590000000002,0.0,0,initialized,3.551,0.003551,2.908,0.002908,3.557459,,
COCOS,True,False,"[{'symbol': 'COCOSUSDT', 'makerCommission': '0.001', 'takerCommission': '0.001'}]",COCOSUSDT,-0.13141009999999997,0.0,0,initialized,0.7201,0.0007201,0.59,0.00059,0.7214100999999999,,
STRAX,True,False,"[{'symbol': 'STRAXUSDT', 'makerCommission': '0.001', 'takerCommission': '0.001'}]",STRAXUSDT,-0.542564,0.02675499999999964,2,rebought,2.552,0.002552,2.013,0.002013,2.555564,2.551,0.0025510000000000003
EOSUP,True,False,"[{'symbol': 'EOSUPUSDT', 'makerCommission': '0.001', 'takerCommission': '0.001'}]",EOSUPUSDT,-0.5135356999999999,0.0,0,initialized,1.1737,0.0011737,0.662,0.000662,1.1755357,,
THETA,True,False,"[{'symbol': 'THETAUSDT', 'makerCommission': '0.001', 'takerCommission': '0.001'}]",THETAUSDT,-1.3143849999999997,0.0,0,initialized,6.344,0.006344,5.041,0.005041,6.355385,,
AAVEDOWN,True,False,"[{'symbol': 'AAVEDOWNUSDT', 'makerCommission': '0.001', 'takerCommission': '0.001'}]",AAVEDOWNUSDT,0.004293044,0.0,0,initialized,0.007322,7.322e-06,0.011634,1.1634e-05,0.007340956,,
BCHUP,True,False,"[{'symbol': 'BCHUPUSDT', 'makerCommission': '0.001', 'takerCommission': '0.001'}]",BCHUPUSDT,-0.13779209999999997,0.0,0,initialized,0.4146,0.0004146,0.2775,0.0002775,0.4152921,,
WAN,True,False,"[{'symbol': 'WANUSDT', 'makerCommission': '0.001', 'takerCommission': '0.001'}]",WANUSDT,-0.15571279999999998,0.0,0,initialized,0.9334,0.0009334,0.7794,0.0007794,0.9351128,,
ORN,True,False,"[{'symbol': 'ORNUSDT', 'makerCommission': '0.001', 'takerCommission': '0.001'}]",ORNUSDT,-2.794470999999998,0.05783300000000047,4,rebought,11.133,0.0111329999999999,8.348,0.008348000000000001,11.142470999999999,11.123,0.011123
PERL,True,False,"[{'symbol': 'PERLUSDT', 'makerCommission': '0.001', 'takerCommission': '0.001'}]",PERLUSDT,-0.010705949999999992,0.0,0,initialized,0.09324,9.324e-05,0.08271,8.271000000000001e-05,0.09341595,,
XLMDOWN,True,False,"[{'symbol': 'XLMDOWNUSDT', 'makerCommission': '0.001', 'takerCommission': '0.001'}]",XLMDOWNUSDT,0.012997999999999621,0.032969999999998834,2,sold,8.49,0.00849,12.382,0.012382,8.503002,8.486,0.008486
MASK,True,False,"[{'symbol': 'MASKUSDT', 'makerCommission': '0.001', 'takerCommission': '0.001'}]",MASKUSDT,-2.4249019999999994,0.3026489999999935,15,rebought,11.664,0.011664,9.249,0.009249,11.673902,11.653,0.011653
AAVE,True,False,"[{'symbol': 'AAVEUSDT', 'makerCommission': '0.001', 'takerCommission': '0.001'}]",AAVEUSDT,-62.24860000000001,0.08899999999994179,1,rebought,355.1,0.3551,293.5,0.2935,355.7486,355.1,0.3551
PERP,True,False,"[{'symbol': 'PERPUSDT', 'makerCommission': '0.001', 'takerCommission': '0.001'}]",PERPUSDT,-2.237590000000001,0.25198999999999216,12,rebought,14.9,0.0149,12.69,0.01269,14.92759,14.9,0.0149
1INCHUP,True,False,"[{'symbol': '1INCHUPUSDT', 'makerCommission': '0.001', 'takerCommission': '0.001'}]",1INCHUPUSDT,-0.019313645999999997,0.0,0,initialized,0.051438,5.1438e-05,0.032208,3.2208e-05,0.051521646,,
SXPUP,True,False,"[{'symbol': 'SXPUPUSDT', 'makerCommission': '0.001', 'takerCommission': '0.001'}]",SXPUPUSDT,-0.15285773,0.0,0,initialized,0.37,0.00037,0.21773,0.00021773000000000002,0.37058773,,
YFIDOWN,True,False,"[{'symbol': 'YFIDOWNUSDT', 'makerCommission': '0.001', 'takerCommission': '0.001'}]",YFIDOWNUSDT,0.014143199999999911,0.011841699999999955,2,sold,1.0222,0.0010222,1.3919,0.0013919,1.0223568,1.0203,0.0010203
BOND,True,False,"[{'symbol': 'BONDUSDT', 'makerCommission': '0.001', 'takerCommission': '0.001'}]",BONDUSDT,-3.877329999999997,1.0225200000000036,14,rebought,25.61,0.02561,21.75,0.021750000000000002,25.627329999999997,25.58,0.02558
YFI,True,False,"[{'symbol': 'YFIUSDT', 'makerCommission': '0.001', 'takerCommission': '0.001'}]",YFIUSDT,-4964.430510000006,0.0,0,initialized,33731.19,33.731190000000005,28829.32,28.82932,33793.750510000005,,
XEC,True,False,"[{'symbol': 'XECUSDT', 'makerCommission': '0.001', 'takerCommission': '0.001'}]",XECUSDT,-2.7166750000000002e-05,0.0,0,initialized,0.00023174,2.3174e-07,0.00020501,2.0501e-07,0.00023217675,,
AXS,True,False,"[{'symbol': 'AXSUSDT', 'makerCommission': '0.001', 'takerCommission': '0.001'}]",AXSUSDT,-12.899859999999997,0.01721000000000572,1,rebought,66.32,0.0663199999999999,53.54,0.05354,66.43986,66.32,0.06631999999999999
ZIL,True,False,"[{'symbol': 'ZILUSDT', 'makerCommission': '0.001', 'takerCommission': '0.001'}]",ZILUSDT,-0.021874059999999987,0.0,0,initialized,0.10787,0.00010787,0.08619,8.619e-05,0.10806405999999999,,
XEM,True,False,"[{'symbol': 'XEMUSDT', 'makerCommission': '0.001', 'takerCommission': '0.001'}]",XEMUSDT,-0.03193660000000001,0.0,0,initialized,0.1841,0.0001841,0.1525,0.0001525,0.1844366,,
CTXC,True,False,"[{'symbol': 'CTXCUSDT', 'makerCommission': '0.001', 'takerCommission': '0.001'}]",CTXCUSDT,-0.0671767,0.0,0,initialized,0.2717,0.0002717,0.205,0.000205,0.2721767,,
XTZUP,True,False,"[{'symbol': 'XTZUPUSDT', 'makerCommission': '0.001', 'takerCommission': '0.001'}]",XTZUPUSDT,-0.03789762999999999,0.0,0,initialized,0.09269,9.269e-05,0.05494,5.4940000000000006e-05,0.09283762999999999,,
AAVEUP,True,False,"[{'symbol': 'AAVEUPUSDT', 'makerCommission': '0.001', 'takerCommission': '0.001'}]",AAVEUPUSDT,-0.4633168,0.010501900000000175,1,rebought,1.2925,0.0012925,0.8278,0.0008278,1.2911168,1.289,0.001289
SUSHIDOWN,True,False,"[{'symbol': 'SUSHIDOWNUSDT', 'makerCommission': '0.001', 'takerCommission': '0.001'}]",SUSHIDOWNUSDT,0.00022841099999999992,0.0,0,initialized,0.0003798,3.798e-07,0.0006092,6.091999999999999e-07,0.00038078900000000003,,
COMP,True,False,"[{'symbol': 'COMPUSDT', 'makerCommission': '0.001', 'takerCommission': '0.001'}]",COMPUSDT,-60.14420000000001,0.0,0,initialized,401.8,0.4018,342.4,0.3424,402.5442,,
RUNE,True,False,"[{'symbol': 'RUNEUSDT', 'makerCommission': '0.001', 'takerCommission': '0.001'}]",RUNEUSDT,-2.4862509999999993,0.0,0,initialized,9.86,0.0098599999999999,7.391,0.007391,9.877251,,
FORTH,True,False,"[{'symbol': 'FORTHUSDT', 'makerCommission': '0.001', 'takerCommission': '0.001'}]",FORTHUSDT,-2.3478600000000007,0.21619000000000277,5,rebought,15.43,0.01543,12.77,0.01277,15.11786,15.09,0.015090000000000001
KMD,True,False,"[{'symbol': 'KMDUSDT', 'makerCommission': '0.001', 'takerCommission': '0.001'}]",KMDUSDT,-0.19645389999999996,0.0,0,initialized,1.0742,0.0010742,0.8797,0.0008797000000000001,1.0761539,,
GHST,True,False,"[{'symbol': 'GHSTUSDT', 'makerCommission': '0.001', 'takerCommission': '0.001'}]",GHSTUSDT,-0.06435499999999994,0.16569000000000078,10,rebought,1.708,0.001708,1.647,0.001647,1.711355,1.708,0.001708
IDEX,True,False,"[{'symbol': 'IDEXUSDT', 'makerCommission': '0.001', 'takerCommission': '0.001'}]",IDEXUSDT,-0.09499180000000002,0.010939840000000034,1,rebought,0.44416,0.00044416,0.3488,0.0003488,0.4437918,0.443,0.00044300000000000003
BNBDOWN,True,False,"[{'symbol': 'BNBDOWNUSDT', 'makerCommission': '0.001', 'takerCommission': '0.001'}]",BNBDOWNUSDT,0.039636000000000005,0.010465200000000008,2,sold,0.3618,0.0003618,0.4759,0.0004759,0.362564,0.3618,0.0003618
DEXE,True,False,"[{'symbol': 'DEXEUSDT', 'makerCommission': '0.001', 'takerCommission': '0.001'}]",DEXEUSDT,-0.6864399999999993,0.8302399999999981,25,rebought,13.58,0.01358,12.89,0.01289,13.57644,13.55,0.013550000000000001
AVAX,True,False,"[{'symbol': 'AVAXUSDT', 'makerCommission': '0.001', 'takerCommission': '0.001'}]",AVAXUSDT,-9.68358,0.8010099999999767,12,rebought,70.29,0.07029,57.01,0.05701,66.69358,66.57,0.06656999999999999
KNC,True,False,"[{'symbol': 'KNCUSDT', 'makerCommission': '0.001', 'takerCommission': '0.001'}]",KNCUSDT,-0.32726599999999983,0.0,0,initialized,1.795,0.001795,1.471,0.001471,1.798266,,
BTCUP,True,False,"[{'symbol': 'BTCUPUSDT', 'makerCommission': '0.001', 'takerCommission': '0.001'}]",BTCUPUSDT,-22.861283000000014,0.049773000000001844,1,rebought,88.5,0.0885,65.788,0.065788,88.64928300000001,88.495,0.088495
LPT,True,False,"[{'symbol': 'LPTUSDT', 'makerCommission': '0.001', 'takerCommission': '0.001'}]",LPTUSDT,-2.45524,0.06923999999999708,4,rebought,18.84,0.01884,16.41,0.01641,18.86524,18.83,0.01883
HIVE,True,False,"[{'symbol': 'HIVEUSDT', 'makerCommission': '0.001', 'takerCommission': '0.001'}]",HIVEUSDT,-0.15264429999999996,0.0,0,initialized,0.7478,0.0007478,0.5965,0.0005965,0.7491443,,
WAXP,True,False,"[{'symbol': 'WAXPUSDT', 'makerCommission': '0.001', 'takerCommission': '0.001'}]",WAXPUSDT,-0.05860589999999988,0.0,0,initialized,0.282,0.0002819999999999,0.2239,0.0002239,0.28250589999999987,,
YFIUP,True,False,"[{'symbol': 'YFIUPUSDT', 'makerCommission': '0.001', 'takerCommission': '0.001'}]",YFIUPUSDT,-0.08874389999999999,0.0,0,initialized,0.2661,0.0002661,0.1778,0.0001778,0.2665439,,
FET,True,False,"[{'symbol': 'FETUSDT', 'makerCommission': '0.001', 'takerCommission': '0.001'}]",FETUSDT,-0.18336070000000004,0.0,0,initialized,0.8213,0.0008213,0.6394,0.0006393999999999999,0.8227607,,
LRC,True,False,"[{'symbol': 'LRCUSDT', 'makerCommission': '0.001', 'takerCommission': '0.001'}]",LRCUSDT,-0.06696350000000001,0.0,0,initialized,0.4648,0.0004648,0.3987,0.0003987,0.4656635,,
MTL,True,False,"[{'symbol': 'MTLUSDT', 'makerCommission': '0.001', 'takerCommission': '0.001'}]",MTLUSDT,-0.3492709999999999,0.11327900000000035,7,rebought,3.684,0.003684,2.964,0.002964,3.313271,3.307,0.003307
VET,True,False,"[{'symbol': 'VETUSDT', 'makerCommission': '0.001', 'takerCommission': '0.001'}]",VETUSDT,-0.02258365999999999,0.0,0,initialized,0.11302,0.00011302,0.09064,9.064e-05,0.11322365999999999,,
ALPACA,True,False,"[{'symbol': 'ALPACAUSDT', 'makerCommission': '0.001', 'takerCommission': '0.001'}]",ALPACAUSDT,-0.21082940000000006,0.01134820000000003,1,rebought,1.1191,0.0011191,0.9103,0.0009103000000000001,1.1211294,1.1191,0.0011191
OXT,True,False,"[{'symbol': 'OXTUSDT', 'makerCommission': '0.001', 'takerCommission': '0.001'}]",OXTUSDT,-0.06409760000000003,0.010927099999999967,1,rebought,0.3806,0.0003806,0.3171,0.0003171,0.3811976,0.3805,0.00038050000000000003
USDP,True,False,"[{'symbol': 'USDPUSDT', 'makerCommission': '0.001', 'takerCommission': '0.001'}]",USDPUSDT,-0.0019001000000000712,0.0,0,initialized,1.0,0.001,1.0001,0.0010001,1.0020001,,
DASH,True,False,"[{'symbol': 'DASHUSDT', 'makerCommission': '0.001', 'takerCommission': '0.001'}]",DASHUSDT,-27.274100000000004,0.09850000000000136,1,rebought,200.5,0.2005,173.6,0.1736,200.8741,200.5,0.2005
BTCST,True,False,"[{'symbol': 'BTCSTUSDT', 'makerCommission': '0.001', 'takerCommission': '0.001'}]",BTCSTUSDT,-3.5146599999999992,0.1913000000000018,6,rebought,19.07,0.01907,15.59,0.01559,19.10466,19.07,0.01907
LSK,True,False,"[{'symbol': 'LSKUSDT', 'makerCommission': '0.001', 'takerCommission': '0.001'}]",LSKUSDT,-0.47243400000000024,0.047234000000000886,4,rebought,3.589,0.003589,2.984,0.002984,3.4564340000000002,3.45,0.0034500000000000004
KEEP,True,False,"[{'symbol': 'KEEPUSDT', 'makerCommission': '0.001', 'takerCommission': '0.001'}]",KEEPUSDT,-0.10205220000000004,0.0,0,initialized,0.4767,0.0004767,0.3755,0.0003755,0.47755220000000004,,
BEAM,True,False,"[{'symbol': 'BEAMUSDT', 'makerCommission': '0.001', 'takerCommission': '0.001'}]",BEAMUSDT,-0.13488599999999995,0.0,0,initialized,0.7098,0.0007098,0.5762,0.0005762,0.711086,,
DCR,True,False,"[{'symbol': 'DCRUSDT', 'makerCommission': '0.001', 'takerCommission': '0.001'}]",DCRUSDT,-18.664,0.13450000000000273,2,rebought,141.2,0.1412,122.8,0.1228,141.464,141.2,0.1412
DATA,True,False,"[{'symbol': 'DATAUSDT', 'makerCommission': '0.001', 'takerCommission': '0.001'}]",DATAUSDT,-0.02533249999999998,0.010111760000000108,1,rebought,0.13892,0.0001389199999999,0.11371,0.00011371000000000001,0.13904249999999999,0.13879,0.00013879
FILUP,True,False,"[{'symbol': 'FILUPUSDT', 'makerCommission': '0.001', 'takerCommission': '0.001'}]",FILUPUSDT,-0.8799838999999996,0.03645440000000022,2,rebought,2.78,0.00278,1.9043,0.0019043,2.7842838999999997,2.7796,0.0027795999999999997
UNIUP,True,False,"[{'symbol': 'UNIUPUSDT', 'makerCommission': '0.001', 'takerCommission': '0.001'}]",UNIUPUSDT,-1.6148350000000002,0.0,0,initialized,4.721,0.004721,3.114,0.003114,4.728835,,
LTC,True,False,"[{'symbol': 'LTCUSDT', 'makerCommission': '0.001', 'takerCommission': '0.001'}]",LTCUSDT,-26.736199999999997,0.0,0,initialized,181.3,0.1813,154.9,0.1549,181.6362,,
USDC,True,False,"[{'symbol': 'USDCUSDT', 'makerCommission': '0.001', 'takerCommission': '0.001'}]",USDCUSDT,-0.0016001999999999406,0.0,0,initialized,0.9999,0.0009999,1.0003,0.0010003,1.0019002,,
WIN,True,False,"[{'symbol': 'WINUSDT', 'makerCommission': '0.001', 'takerCommission': '0.001'}]",WINUSDT,-8.363710000000005e-05,0.0,0,initialized,0.0005099,5.099e-07,0.0004272,4.2719999999999996e-07,0.0005108371,,
LTCUP,True,False,"[{'symbol': 'LTCUPUSDT', 'makerCommission': '0.001', 'takerCommission': '0.001'}]",LTCUPUSDT,-1.4901630000000008,0.0,0,initialized,4.323,0.004323,2.84,0.00284,4.330163000000001,,
INJ,True,False,"[{'symbol': 'INJUSDT', 'makerCommission': '0.001', 'takerCommission': '0.001'}]",INJUSDT,-1.4268419999999988,0.05142099999999772,3,rebought,10.821,0.010821,8.717,0.008717,10.143842,10.125,0.010125
TCT,True,False,"[{'symbol': 'TCTUSDT', 'makerCommission': '0.001', 'takerCommission': '0.001'}]",TCTUSDT,-0.006903639999999996,0.0,0,initialized,0.03524,3.524e-05,0.0284,2.8400000000000003e-05,0.03530364,,
LTO,True,False,"[{'symbol': 'LTOUSDT', 'makerCommission': '0.001', 'takerCommission': '0.001'}]",LTOUSDT,-0.05153940000000004,0.010298300000000038,1,rebought,0.2954,0.0002954,0.2442,0.0002442,0.29573940000000004,0.2952,0.0002952
TRIBE,True,False,"[{'symbol': 'TRIBEUSDT', 'makerCommission': '0.001', 'takerCommission': '0.001'}]",TRIBEUSDT,0.012510000000000021,0.0,1,sold,0.6381,0.0006381,0.6499,0.0006499,0.63939,,
DYDX,True,False,"[{'symbol': 'DYDXUSDT', 'makerCommission': '0.001', 'takerCommission': '0.001'}]",DYDXUSDT,-3.4402089999999994,0.15385800000000138,6,rebought,15.322,0.0153219999999999,11.898,0.011898,15.338208999999999,15.311,0.015311
POND,True,False,"[{'symbol': 'PONDUSDT', 'makerCommission': '0.001', 'takerCommission': '0.001'}]",PONDUSDT,-0.027022670000000013,0.0,0,initialized,0.10975,0.00010975,0.08292,8.292e-05,0.10994267,,
LINA,True,False,"[{'symbol': 'LINAUSDT', 'makerCommission': '0.001', 'takerCommission': '0.001'}]",LINAUSDT,-0.010056410000000002,0.0,0,initialized,0.04819,4.819e-05,0.03822,3.8219999999999997e-05,0.04827641,,
XLM,True,False,"[{'symbol': 'XLMUSDT', 'makerCommission': '0.001', 'takerCommission': '0.001'}]",XLMUSDT,-0.04989769999999999,0.0,0,initialized,0.3235,0.0003235,0.2742,0.0002742,0.3240977,,
LINK,True,False,"[{'symbol': 'LINKUSDT', 'makerCommission': '0.001', 'takerCommission': '0.001'}]",LINKUSDT,-4.942029999999999,0.062110000000004106,4,rebought,28.46,0.02846,23.57,0.02357,28.51203,28.46,0.028460000000000003
QTUM,True,False,"[{'symbol': 'QTUMUSDT', 'makerCommission': '0.001', 'takerCommission': '0.001'}]",QTUMUSDT,-2.402665999999998,0.0,0,initialized,12.523,0.012523,10.143,0.010143000000000001,12.545665999999999,,
FILDOWN,True,False,"[{'symbol': 'FILDOWNUSDT', 'makerCommission': '0.001', 'takerCommission': '0.001'}]",FILDOWNUSDT,0.00019953720000000002,0.0,0,initialized,0.000531,5.31e-07,0.0007318,7.318e-07,0.0005322628,,
SUPER,True,False,"[{'symbol': 'SUPERUSDT', 'makerCommission': '0.001', 'takerCommission': '0.001'}]",SUPERUSDT,-0.10999599999999987,0.03154009999999996,3,rebought,0.8207,0.0008207,0.6437,0.0006437000000000001,0.7536959999999999,0.7523,0.0007523
POLS,True,False,"[{'symbol': 'POLSUSDT', 'makerCommission': '0.001', 'takerCommission': '0.001'}]",POLSUSDT,-0.3252919999999999,0.0,0,initialized,1.807,0.001807,1.485,0.0014850000000000002,1.810292,,
KSM,True,False,"[{'symbol': 'KSMUSDT', 'makerCommission': '0.001', 'takerCommission': '0.001'}]",KSMUSDT,-84.84910000000002,0.0,0,initialized,416.6,0.4166,332.5,0.3325,417.3491,,
FIL,True,False,"[{'symbol': 'FILUSDT', 'makerCommission': '0.001', 'takerCommission': '0.001'}]",FILUSDT,-12.056639999999987,0.1064100000000252,5,rebought,84.27,0.08427,72.37,0.07237,84.42663999999999,84.27,0.08427
POLY,True,False,"[{'symbol': 'POLYUSDT', 'makerCommission': '0.001', 'takerCommission': '0.001'}]",POLYUSDT,-0.15005119999999994,0.0,0,initialized,0.7,0.0007,0.5512,0.0005512000000000001,0.7012512,,
STMX,True,False,"[{'symbol': 'STMXUSDT', 'makerCommission': '0.001', 'takerCommission': '0.001'}]",STMXUSDT,-0.007012210000000001,0.0,0,initialized,0.03458,3.458e-05,0.02763,2.7629999999999998e-05,0.03464221,,
BAL,True,False,"[{'symbol': 'BALUSDT', 'makerCommission': '0.001', 'takerCommission': '0.001'}]",BALUSDT,-4.686700000000002,0.02856000000000236,1,rebought,25.68,0.02568,21.03,0.02103,25.716700000000003,25.67,0.025670000000000002
FIO,True,False,"[{'symbol': 'FIOUSDT', 'makerCommission': '0.001', 'takerCommission': '0.001'}]",FIOUSDT,-0.04410509999999998,0.0,0,initialized,0.2244,0.0002244,0.1807,0.0001807,0.22480509999999998,,
GALA,True,False,"[{'symbol': 'GALAUSDT', 'makerCommission': '0.001', 'takerCommission': '0.001'}]",GALAUSDT,-0.03552205,0.0,0,initialized,0.12368,0.00012368,0.08837,8.837000000000001e-05,0.12389205,,
FIS,True,False,"[{'symbol': 'FISUSDT', 'makerCommission': '0.001', 'takerCommission': '0.001'}]",FISUSDT,-0.3342339999999999,0.01001059999999998,1,rebought,1.8878,0.0018878,1.5516,0.0015516000000000002,1.885834,1.8824,0.0018824000000000002
BAR,True,False,"[{'symbol': 'BARUSDT', 'makerCommission': '0.001', 'takerCommission': '0.001'}]",BARUSDT,-1.1133400000000009,0.1410299999999971,3,rebought,18.12,0.01812,16.13,0.01613,17.24334,17.21,0.01721
BAT,True,False,"[{'symbol': 'BATUSDT', 'makerCommission': '0.001', 'takerCommission': '0.001'}]",BATUSDT,-0.11248910000000001,0.0,0,initialized,0.7501,0.0007501,0.639,0.000639,0.7514891,,
AKRO,True,False,"[{'symbol': 'AKROUSDT', 'makerCommission': '0.001', 'takerCommission': '0.001'}]",AKROUSDT,-0.004790620000000002,0.0,0,initialized,0.02768,2.768e-05,0.02294,2.294e-05,0.02773062,,
XMR,True,False,"[{'symbol': 'XMRUSDT', 'makerCommission': '0.001', 'takerCommission': '0.001'}]",XMRUSDT,-45.60210000000001,0.6076000000000477,4,rebought,273.8,0.2738,228.5,0.2285,274.1021,273.6,0.2736
1INCHDOWN,True,False,"[{'symbol': '1INCHDOWNUSDT', 'makerCommission': '0.001', 'takerCommission': '0.001'}]",1INCHDOWNUSDT,0.013865999999999996,0.0,1,sold,0.06,6e-05,0.08997,8.997e-05,0.060134,,
COTI,True,False,"[{'symbol': 'COTIUSDT', 'makerCommission': '0.001', 'takerCommission': '0.001'}]",COTIUSDT,-0.10050959999999998,0.0,0,initialized,0.4047,0.0004047,0.3049,0.0003049,0.4054096,,
